UUU,F,0.51,21.8
UCU,S,0.28,25.2
UAU,Y,0.52,14.6
UGU,C,0.60,10.5
UUC,F,0.49,20.7
UCC,S,0.13,11.2
UAC,Y,0.48,13.7
UGC,C,0.40,07.2
UUA,L,0.14,12.7
UCA,S,0.20,18.3
UAA,*,0.36,00.9
UGA,*,0.44,01.2
UUG,L,0.22,20.9
UCG,S,0.10,09.3
UAG,*,0.20,00.5
UGG,W,1.00,12.5
CUU,L,0.26,24.1
CCU,P,0.38,18.7
CAU,H,0.61,13.8
CGU,R,0.17,09.0
CUC,L,0.17,16.1
CCC,P,0.11,05.3
CAC,H,0.39,08.7
CGC,R,0.07,03.8
CUA,L,0.11,09.9
CCA,P,0.33,16.1
CAA,Q,0.56,19.4
CGA,R,0.12,06.3
CUG,L,0.11,09.8
CCG,P,0.18,08.6
CAG,Q,0.44,15.2
CGG,R,0.09,04.9
AUU,I,0.41,21.5
ACU,T,0.34,17.5
AAU,N,0.52,22.3
AGU,S,0.16,14.0
AUC,I,0.35,18.5
ACC,T,0.20,10.3
AAC,N,0.48,20.9
AGC,S,0.13,11.3
AUA,I,0.24,12.6
ACA,T,0.31,15.7
AAA,K,0.49,30.8
AGA,R,0.35,19.0
AUG,M,1.00,24.5
ACG,T,0.15,07.7
AAG,K,0.51,32.7
AGG,R,0.20,11.0
GUU,V,0.40,27.2
GCU,A,0.43,28.3
GAU,D,0.68,36.6
GGU,G,0.34,22.2
GUC,V,0.19,12.8
GCC,A,0.16,10.3
GAC,D,0.32,17.2
GGC,G,0.14,09.2
GUA,V,0.15,09.9
GCA,A,0.27,17.5
GAA,E,0.52,34.3
GGA,G,0.37,24.2
GUG,V,0.26,17.4
GCG,A,0.14,09.0
GAG,E,0.48,32.2
GGG,G,0.16,10.2
